Index, Value
1.118122301988135, 0.04515107171533121
